名称,COMMENT,HOST,URL
学习强国APP,,boot-video.xuexi.cn,https://boot-video.xuexi.cn
学习强国APP,,mpaas-component-mgs4zwy.aliyuncs.com,https://mpaas-component-mgs4zwy.aliyuncs.com
学习强国APP,,article.xuexi.cn,https://article.xuexi.cn
学习强国APP,,boot-source.xuexi.cn,https://boot-source.xuexi.cn
学习强国APP,,boot-img.xuexi.cn,https://boot-img.xuexi.cn
学习强国APP,,auth-itrace.xuexi.cn,https://auth-itrace.xuexi.cn
学习强国APP,,boot-video.xuexi.cn,https://boot-video.xuexi.cn
学习强国iPhone,,study.xuexi.cn,https://study.xuexi.cn
,,,
学习强国公众号,学习强国logo,mmbiz.qpic.cn,http://mmbiz.qpic.cn:80/mmbiz_png/0NaUuJefZ2Cd4dP8pQxJ3mG94jNsLmjTjKH9LuJlTkU9aCKEhDWB4RqLSwRibUibQz5JKKTgaUojASHqeyTyD7ibA/0?wx_fmt=png&wx_head=1
学习强国公众号,官方网站,www.xuexi.cn,https://www.xuexi.cn
学习强国公众号,,boot-img.xuexi.cn,https://boot-img.xuexi.cn
学习强国公众号,,bootcdn.xuexi.cn,https://bootcdn.xuexi.cn
学习强国公众号,下载APP,h5.xuexi.cn,https://h5.xuexi.cn
